{
  "bev_world_dim": [
    11.0,
    6.0
  ],
  "unit_conversion_factor": [
    0.018333333333333333,
    0.0075
  ],
  "src": [
    [
      302.087890625,
      353.19891357421875
    ],
    [
      3.4097750186920166,
      515.480712890625
    ],
    [
      796.5902099609375,
      515.480712890625
    ],
    [
      497.912109375,
      353.19891357421875
    ]
  ]
}