{
  "bev_world_dim": [
    15,
    20
  ],
  "unit_conversion_factor": [
    0.025,
    0.025
  ],
  "src": [
    [
      82.30502319335938,
      349.66192626953125
    ],
    [
      29866.208984375,
      -4306.1435546875
    ],
    [
      -29721.67578125,
      -4306.1435546875
    ],
    [
      724.7620239257812,
      349.66192626953125
    ]
  ]
}